epoch,train_loss,train_acc,val_loss,val_acc
1,4.109958966573079,0.13270833333333334,2.6807843589782716,0.31833333333333336
2,2.1359634081522625,0.4525,1.8115165694554647,0.505
3,1.3604763476053874,0.6195833333333334,1.4779333035151163,0.5483333333333333
4,1.0034906419118246,0.72125,1.3687516784667968,0.6033333333333334
5,0.7924741808573404,0.7833333333333333,1.304019225438436,0.62
6,0.6548528051376343,0.830625,1.257285057703654,0.6283333333333333
7,0.5599712471167246,0.8541666666666666,1.2422620328267415,0.6383333333333333
8,0.5283935852845509,0.8710416666666667,1.2376131137212119,0.635
